{"cameraMode":{"drawMode":0,"name":"Shaded","section":"Shading Mode"},"sceneLighting":false,"audioPlay":false,"sceneViewState":{"m_AlwaysRefresh":false,"showFog":true,"showSkybox":false,"showFlares":true,"showImageEffects":true,"showParticleSystems":true,"showVisualEffectGraphs":true,"m_FxEnabled":true},"in2DMode":false,"pivot":{"x":2.846343994140625,"y":3.760457992553711,"z":3.5239086151123049},"rotation":{"x":-0.044721316546201709,"y":0.10797565430402756,"z":-0.0048620207235217098,"w":-0.9931363463401794},"size":56.92045593261719,"orthographic":false}